Code_Canton;Code_Commune;Nom_Canton;Nom_commune;Politique ;;Maire;Téléphone;Adresse Mairie;Nom de la commune;Télécopie;Mail
3709;37001;DESCARTES;ABILLY;;;Patricia BRAULT;02.47.59.78.01;place de la Mairie 37160 ABILLY;Abilly;02.47.59.89.93;mairie.abilly@wanadoo.fr
3705;37002;CHATEAU LA VALLIERE;AMBILLOU;;;Michel CHEVET;02.47.52.44.31;20 rue Principale 37340 AMBILLOU;Ambillou;02.47.52.49.46;mairie@ambillou.fr
3701;37003;AMBOISE;AMBOISE;PS;;Christian GUYON;02.47.23.47.23;60 rue de la Concorde BP 247 - 37402 AMBOISE CEDEX;Amboise;02.47.23.19.80;communication@ville-amboise.fr
3710;37004;L'ILE BOUCHARD;anché;DVD;;Michel FERRAND;02.47.93.44.21;rue de la Mairie 37500 ANCHÉ;Anché;02.47.93.44.21;mairie-anche@wanadoo.fr
3720;37005;STE MAURE DE TOURAINE;ANTOGNY LE TILLAC;DVG;;Serge MOREAU;02.47.65.01.12;24 route de Richelieu 37800 ANTOGNY LE TILLAC;Antogny le Tillac;02.47.65.09.24;mairie.antognyletillac@wanadoo.fr
3714;37006;MONTBAZON;ARTANNES / INDRE;DVG;;Bertrand POITOU;02.47.26.80.19;3 avenue de la Vallée du Lys 37260 ARTANNES/INDRE;Artannes sur Indre;02.47.65.76.25;accueil@mairie.artannes.fr
3719;37007;RICHELIEU;ASSAY;DVD;;Claudine GAUCHER;02.47.95.73.22;place de la mairie 37120 ASSAY;Assay;02.47.95.73.22;mairie.d.assay@wanadoo.fr
3706;37010;CHATEAU RENAULT;AUZOUER EN TOURAINE;DVG;;Jean-Claude BAGLAN;02.47.55.06.03;1 place du général Leclerc 37110 AUZOUER EN TOURAINE;Auzouer en Touraine;02.47.55.08.60;mairie-auzouer-touraine@wanadoo.fr
3707;37011;CHINON;AVOINE;DVG;;Didier GODOY;02.47.98.11.11;33 rue Nationale BP 113 - 37420 AVOINE ;Avoine;02.47.98.11.12;catherinebonneau@ville-avoine.fr
3710;37012;L'ILE BOUCHARD;AVON LES ROCHES;DVD;;Pascal BLANCHARD;02.47.58.54.07;15 rue de Feunet 37220 AVON LES ROCHES;Avon Les Roches;02.47.95.24.87;avon.mairie@wanadoo.fr
3702;37014;AZAY LE RIDEAU;AZAY LE RIDEAU;DVD;;Arnaud HENRION;02.47.45.42.11;2 place de l'Europe 37190 AZAY LE RIDEAU;Azay le Rideau;02.47.45.49.11;accueil.mairie@azaylerideau.fr
3703;37015;BLERE;AZAY SUR CHER;;;Janick ALARY;02.47.45.62.40;17 Grande Rue - 37270 AZAY SUR CHER ;Azay sur Cher;02.47.45.62.49;accueil@mairie-azaysurcher.fr
3713;37016;LOCHES;AZAY SUR INDRE;DVG;;Jean-Jacques MEUNIER;02.47.92.58.12;Le bourg - 37310 AZAY SUR INDRE;Azay sur Indre;02.47.92.29.29;mairie-dazay-sur-indre@wanadoo.fr
3731;37018;ballan miré;ballan miré;LR;;Alexandre CHAS;02.47.80.10.00;37510 BALLAN MIRE;Ballan Miré;02.47.80.10.01;contact@mairie-ballan-mire.fr
3708;37019;LE GRAND PRESSIGNY;BARROU;;;Gilles BEILLOUIN;02.47.94.92.12;10 rue de la Mairie 37350 BARROU;Barrou;02.47.94.97.52;mairie-barrou@wanadoo.fr
3713;37020;LOCHES;BEAULIEU LES LOCHES;UDI;;Sophie METADIER;02.47.91.94.94;6 place du Maréchal Leclerc 37600 BEAULIEU LES LOCHES;Beaulieu les Loches;02.47.91.51.97;mairie.beaulieu37@wanadoo.fr
3716;37021;NEUILLE PONT PIERRE;BEAUMONT LA RONCE;DVD;;Jean-Paul ROBERT;02.47.24.42.15;2 rue des près 37360 BEAUMONT LA RONCE;Beaumont la Ronce;02.47.24.87.43;secretariat.BLR@wanadoo.fr
3715;37023;MONTRESOR;BEAUMONT VILLAGE;DVD;;Joêl BAISSON;02.47.92.60.47;8 Rue de la Mairie 37460 BEAUMONT VILLAGE;Beaumont Village;02.47.92.74.34;commune.beaumontvillage@wanadoo.fr
3704;37024;BOURGUEIL;BENAIS;PS;;Stéphanie RIOCREUX;02.47.97.30.11;place de l'Eglise 37140 BENAIS;Benais;02.47.97.47.24;mairie.benais@wanadoo.fr
3731;37025;BALLAN MIRE;BERTHENAY;;;Jacques LE TARNEC;02.47.45.66.30;Le Bourg 37510 BERTHENAY;Berthenay;02.47.45.66.33;mairie.berthenay@wanadoo.fr
3708;37026;LE GRAND PRESSIGNY;BETZ LE CHATEAU;;;Roger BORRAT;02.47.59.65.06;2 rue Gilles de Betz 37600 BETZ LE CHATEAU;Betz le Chateau;02.47.92.33.79;mairie.betz37@wanadoo.fr
3703;37027;bléré;bléré;;;Daniel LABARONNE;02.47.30.81.81;35 rue de Loches BP35 -  37150 BLERE ;Bléré;02.47.30.81.88;mairie@blere-touraine.com
3718;37028;PREUILLY SUR CLAISE;BOSSAY SUR CLAISE;;;Jean BOIS;02.47.94.52.06;11 place de l'Eglise 37290 BOSSAY SUR CLAISE;Bossay sur Claise;02.47.94.45.48;mairiedebossaysurclaise.old@wanadoo.fr
3712;37029;LIGUEIL;bossée;;;Georges ORIO;02.47.92.81.22;Place du 8 mai 1945 - 37240 BOSSEE;Bossée;02.47.92.23.29;mairie.bossee@wanadoo.fr
3706;37030;CHATEAU RENAULT;LE BOULAY;LR;;Jean-Pierre GASCHET;02.47.56.82.35;Allée des tilleuls 37110 LE BOULAY;Boulay (Le);02.47.29.61.35;mairieleboulay37@wanadoo.fr
3704;37031;BOURGUEIL;BOURGUEIL;DVG;;Laurence RIGUET;02.47.97.25.00;8 rue du Picard BP 29 - 37140 BOURGUEIL ;Bourgueil;02.47.97.98.58;contact@bourgueil.fr
3712;37032;LIGUEIL;BOURNAN;;;Charlie GILLET;02.47.59.63.42;rue Principale 37240 BOURNAN;Bournan;02.47.59.91.85;mairiedebournan@wanadoo.fr
3718;37033;PREUILLY SUR CLAISE;BOUSSAY;;;Marguerite LIGAUD;02.47.94.52.61;place de la Mairie 37290 BOUSSAY;Boussay;02.47.94.41.12;mairie.boussay37@wanadoo.fr
3719;37034;RICHELIEU;BRASLOU;DVD;;Claudine LECLERC;02.47.95.65.08;18 rue Principale 37120 BRASLOU;Braslou;02.47.95.66.95;mairie.braslou@wanadoo.fr
3719;37035;RICHELIEU;BRAYE SOUS FAYE;;;Serge GABORIAU;02.47.58.11.80;Le Bourg 37120 BRAYE SOUS FAYE;Braye sous Faye;02.47.58.29.18;mairie.brayesousfaye@wanadoo.fr
3705;37036;CHATEAU LA VALLIERE;BRAYE SUR MAULNE;DVD;;Bernard de BAUDREUIL;02.47.24.04.52;rue du moulin 37330 BRAYE SUR MAULNE;Braye sur Maulne;02.47.24.92.37;mairie.braye-sur-maulne@wanadoo.fr
3705;37037;CHATEAU LA VALLIERE;brèches;;;Gérard VIGNAS;02.47.24.16.30;37330 BRECHES;Brêches;02.47.24.16.85;mairie.breches@orange.fr
3702;37038;AZAY LE RIDEAU;bréhémont;DVG;;Daniel DURAND;02.47.96.84.71;1 place du 8 mai 1945 - 37130 BREHEMONT;Bréhémont;02.47.96.57.84;mairie.brehemont@wanadoo.fr
3713;37039;LOCHES;bridoré;DVG;;Christian BARITAUD;02.47.94.72.65;37600 BRIDORE;Bridoré;02.47.94.78.07;mairie.bridore@wanadoo.fr
3710;37040;L'ILE BOUCHARD;BRIZAY;DVD;;Jean-Louis SCHLOSSER;02.47.58.50.85;37220 BRIZAY;Brizay;02.47.58.50.85;mairie.brizay@wanadoo.fr
3717;37041;NEUVY LE ROI;BUEIL EN TOURAINE;DVD;;Rémi TONDEREAU;02.47.24.44.06;37370 BUEIL EN TOURAINE;Bueil en Touraine;02.47.24.87.90;bueil.mairie@wanadoo.fr
3707;37042;CHINON;CANDES SAINT MARTIN;;;Stéphan PINAUD;02.47.95.90.61;4 rue de la mairie 37500 CANDES ST MARTIN;Candes Saint Martin;02.47.95.85.36;mairie.candes.st.martin@orange.fr
3701;37043;AMBOISE;CANGEY;;;Huguette DELAINE;02.47.30.08.43;5 rue de Chateau Renault 37530 CANGEY;Cangey;02.47.30.14.06;mairie.cangey@wanadoo.fr
3708;37044;LE GRAND PRESSIGNY;LA CELLE GUENAND;;;Alain MORÈVE;02.47.94.93.07;1 place de l'église 37350 LA CELLE GUENAND;Celle Guenand (La);02.47.94.92.68;mairie.lacelle-guenand@wanadoo.fr
3709;37045;DESCARTES;LA CELLE SAINT AVANT;;;Michel JOUZEAU;02.47.65.00.23;3 place du 8 mai 1945 -  37160 LA CELLE ST AVANT;Celle Saint Avant (la);02.47.65.02.25;mairie.de.la.celle.stavant@wanadoo.fr
3703;37046;BLERE;céré la ronde;;;Jacques DUVIVIER;02.47.94.23.61;5 rue Rabelais 37460 CERE LA RONDE;Céré-la-Ronde;02.47.94.23.98;mairiecerelaronde@wanadoo.fr
3716;37047;NEUILLE PONT PIERRE;cérelles;DVD;;Guy POULLE;02.47.55.10.89;37 rue du Maréchal Reille 37390 CERELLES;Cérelles;02.47.55.23.40;secretariat-crl@wanadoo.fr
3718;37048;PREUILLY SUR CLAISE;CHAMBON;;;Dominique MAURICE;02.47.94.53.69;3 place du 11 Novembre 37290 CHAMBON;Chambon;02.47.91.07.57;mairie.de.chambon@wanadoo.fr
3719;37051;RICHELIEU;CHAMPIGNY SUR-VEUDE;DVG;;Alain GASPARD;02.47.95.73.48;2 place de la Mairie 37120 CHAMPIGNY SUR VEUDE;Champigny sur Veude;02.47.95.75.46;mairie.champignysurveude@wanadoo.fr
3713;37053;LOCHES;chanceaux près loches;DVD;;Jean-Louis DUMORTIER;02.47.59.08.25;allée Valérie Schneider 37600 CHANCEAUX PRES LOCHES;Chanceaux près Loches;02.47.59.08.25;mairiechanceaux37@wanadoo.fr
3724;37054;VOUVRAY;CHANCEAUX SUR CHOISILLE;LR;;Patrick DELETANG;02.47.55.19.55;19 rue de la Mairie 37390 CHANCEAUX SUR CHOISILLE;Chanceaux sur Choisille;02.47.55.23.33;mairie.chanceaux@wanadoo.fr
3705;37055;CHÂTEAU LA VALLIERE;CHANNAY SUR LATHAN;;;Isabelle MELO;02.47.24.63.07;1 rue du Maine 37330 CHANNAY SUR LATHAN;Channay sur Lathan;02.47.24.27.94;mairie.channay@bbox.fr
3702;37056;AZAY LE RIDEAU;LA CHAPELLE AUX NAUX;DVD;;Philippe MASSARD;02.47.96.80.36;le bourg 37130 LA CHAPELLE AUX NAUX;Chapelle aux Naux (La);02.47.96.45.31;mairie.la.chapelle.aux.naux@wanadoo.fr
3704;37058;BOURGUEIL;LA CHAPELLE SUR LOIRE;;;Danielle THIRY;02.47.97.33.91;1 place Albert Ruelle 37140 LA CHAPELLE SUR LOIRE;Chapelle sur Loire (La);02.47.97.43.09;mairie.chapelle.sur.loire@wanadoo.fr
3716;37059;NEUILLE PONT PIERRE;CHARENTILLY;DVD;;Patrick LEHAGRE;02.47.56.65.46;37390 CHARENTILLY;Charentilly;02.47.56.53.56;mairie@charentilly.com
3701;37060;AMBOISE;chargé;;;Pascal DUPRÉ;02.47.57.04.01;2 bis Rue du Général de Gaulle 37530 CHARGE;Chargé;02.47.57.41.52;mairiedecharge@wanadoo.fr
3718;37061;PREUILLY SUR CLAISE;CHARNIZAY;;;Serge GERVAIS;02.47.94.53.02;2 place du 8 mai 1945 - 37290 CHARNIZAY;Charnizay;02.47.94.45.16;charnizaymairie@wanadoo.fr
3706;37063;CHÂTEAU RENAULT;CHÂTEAU RENAULT;PCF;;Michel COSNIER;02.47.29.85.50;le château BP 79 - 37110 CHATEAU RENAULT ;Château Renault;02.47.56.87.50;mairie@ville-chateau-renault.fr
3718;37064;PREUILLY SUR CLAISE;CHAUMUSSAY;;;Marie-Thérèse BRUNEAU;02.47.94.54.02;1 place de la Mairie 37350 CHAUMUSSAY;Chaumussay;02.47.94.54.06;chaumussaymairie@wanadoo.fr
3719;37065;RICHELIEU;CHAVEIGNES;DVD;;Philippe DUBOIS;02.47.58.16.74;le Bourg 37120 CHAVEIGNES;Chaveignes;02.47.95.31.16;mairie@chaveignes.fr
3713;37066;LOCHES;chédigny;UDI;;Pierre LOUAULT;02.47.92.51.43;5 Place de la Mairie 37310 CHEDIGNY;Chédigny;02.47.92.22.97;mairie-chedigny@wanadoo.fr
3702;37067;AZAY LE RIDEAU;cheillé;DVG;;Jean-Serge HURTEVENT;02.47.45.42.25;rue de Chinon 37190 CHEILLE;Cheillé;02.47.45.92.15;mairie.cheille@wanadoo.fr
3717;37068;NEUVY LE ROI;chemillé sur dême;DVD;;Eloi CANON;02.47.52.33.30;1 Place de l'Eglise 37370 CHEMILLE SUR DEME;Chemillé sur Dême;02.47.52.34.71;mairie.chemillesurdeme@wanadoo.fr
3715;37069;MONTRESOR;chemillé sur indrois;DVD;;Henry FREMONT;02.47.92.60.75;37460 CHEMILLE SUR INDROIS;Chemillé sur Indrois;02.47.92.67.98;mairie-chemille-sur-indrois@wanadoo.fr
3703;37070;BLERE;CHENONCEAUX;;;Maryse COUILLARD;02.47.23.90.13;1 place de la Mairie 37150 CHENONCEAUX;Chenonceaux;02.47.23.94.46;mairie.chenonceaux@wanadoo.fr
3710;37071;L'ILE BOUCHARD;chézelles;DVD;;Christian PIMBERT;02.47.58.52.02;place de la Mairie 37220 CHEZELLES;Chézelles;02.47.58.52.02;mairie.chezelles@gmail.com
3707;37072;CHINON;CHINON;DVD;;Jean-Luc DUPONT;02.47.93.53.00;Place du Général de Gaulle BP 10147 - 37501 CHINON  CEDEX;Chinon;02.47.98.47.92;ville.de.chinon@wanadoo.fr
3703;37073;BLERE;CHISSEAUX;;;Franck AUGIAS;02.47.23.90.75;2 rue Nationale 37150 CHISSEAUX;Chisseaux;02.47.23.95.70;mairie.de.chisseaux@wanadoo.fr
3704;37074;BOURGUEIL;chouzé sur loire;DVD;;Gilles THIBAULT;02.47.95.10.10;place des Déportés 37140 CHOUZE SUR LOIRE;Chouzé sur Loire;02.47.95.02.79;mairie.chouze-sur-loire@wanadoo.fr
3703;37075;BLERE;CIGOGNé;UDI;;Vincent LOUAULT;02.47.57.83.16;1 place  de la mairie 37310 CIGOGNE;Cigogné;02.47.23.57.12;mairie.cigogne@wanadoo.fr
3707;37076;CHINON;CINAIS;;;Denis FOUCHÉ;02.47.95.91.16;37500 CINAIS;Cinais;02.47.95.83.34;mairiecinais@wanadoo.fr
3712;37078;LIGUEIL;CIRAN;;;Jean-Paul GAULTIER;02.47.59.62.94;18 rue René Descartes 37240 CIRAN;Ciran;02.47.59.96.66;mairie.de.ciran@wanadoo.fr
3703;37079;BLERE;CIVRAY DE TOURAINE;;;Alain BERNARD;02.47.23.62.80;1 rue des Ecoles 37150 CIVRAY DE TOURAINE;Civray de Touraine;02.47.23.62.88;civraydetouraine@wanadoo.fr
3709;37080;DESCARTES;CIVRAY SUR ESVES;;;Patrick MERCIER;02.47.59.63.40;4 rue Charles Fonteneau 37160 CIVRAY SUR ESVES;Civray sur Esves;02.47.59.63.40;mairiecivraysuresves@rlan.eu
3711;37081;LANGEAIS;cléré les pins;;;Benoit BAROT;02.47.24.62.06;2 Place de la mairie 37340 CLERE LES PINS;Cléré les Pins;02.47.24.24.80;mairie-clere-37@wanadoo.fr
3704;37082;BOURGUEIL;CONTINVOIR;;;François GRANDEMANGE;02.47.96.76.02;13 rue du Manoir 37340 CONTINVOIR;Continvoir;02.47.96.48.84;mairie@continvoir.fr
3734;37083;CHAMBRAY LES TOURS;CORMERY;;;Antoine CAMPAGNE;02.47.43.40.66;18 place du Mail 37320 CORMERY;Cormery;02.47.43.03.15;mairie@cormery.fr
3705;37084;CHATEAU LA VALLIERE;COUESMES;DVD;;Nicolas VEAUVY;02.47.24.05.87;37330 COUESMES;Couesmes;02.47.24.03.42;mairiedecouesmes@wanadoo.fr
3703;37085;BLERE;Courçay;;;Jean-Francis BISTER;02.47.94.16.06;6 Rue du Commerce 37310 COURCAY;Courçay;02.47.94.10.26;mairiedecourcay@wanadoo.fr
3705;37086;CHATEAU LA VALLIERE;COURCELLES DE TOURAINE;;;Philippe ADET;02.47.24.63.56;2 rue Michel Pétrieux 37330 COURCELLES DE TOURAINE;Courcelles de Touraine;02.47.24.27.96;mairiecourcelles37@rlan.eu
3719;37087;RICHELIEU;courcoué;DVG;;Jean-François COUVRAT;02.47.58.30.03;8 rue de Richelieu 37120 COURCOUE;Courcoué;02.47.98.32.73;mairiedecourcoue@wanadoo.fr
3707;37088;CHINON;COUZIERS;DVD;;Ann CHEVALIER;02.47.95.95.45;1 rue de la Mairie 37500 COUZIERS;Couziers;02.47.95.95.45;mairiecouziers@wanadoo.fr
3710;37089;L'ILE BOUCHARD;cravant les côteaux;DVD;;Christophe BAUDRY;02.47.93.13.59;1 place Pierre Alliet 37500 CRAVANT LES COTEAUX;Cravant les Côteaux;02.47.98.45.84;cravant-mairie@wanadoo.fr
3710;37090;L'ILE BOUCHARD;CRISSAY SUR MANSE;DVD;;Michel MIRAULT;02.47.58.54.05;37220 CRISSAY SUR MANSE;Crissay sur Manse;02.47.95.27.56;crissay.mairie@wanadoo.fr
3703;37091;BLERE;LA CROIX EN TOURAINE;LR;;Jocelyne COCHIN;02.47.23.64.64;30 rue Nationale 37150 LA CROIX EN TOURAINE;Croix en Touraine (La);02.47.23.51.21;mairie.la.croix-en-touraine@wanadoo.fr
3706;37092;CHATEAU RENAULT;CROTELLES;DVD;;Rudolff FOUCTEAU;02.47.55.04.13;place Charles de Gaulle 37380 CROTELLES;Crotelles;02.47.55.01.08;mairie.crotelles@wanadoo.fr
3710;37093;L'ILE BOUCHARD;CROUZILLES;DVD;;Daniel BRISSEAU;02.47.58.55.15;37220 CROUZILLES;Crouzilles;02.47.58.57.83;mairie.crouzilles@wanadoo.fr
3709;37094;DESCARTES;CUSSAY;;;Alain ROCHER;02.47.59.61.84;16 rue Jean Michaud 37240 CUSSAY;Cussay;02.47.92.09.14;mairiecussay@wanadoo.fr
3706;37095;CHATEAU RENAULT;DAME MARIE LES BOIS;DVG;;Manuela PEREIRA;02.47.29.55.12;6 rue de Blémars 37110 DAME MARIE LES BOIS;Dame Marie les Bois;02.47.29.64.19;mairiedamemarie.lesbois@wanadoo.fr
3703;37096;BLERE;DIERRE;;;Max BESNARD;02.47.57.93.86;1400 rue de Chenonceaux - 37150 DIERRE;Dierre;02.47.23.91.74;mairie@dierre37.fr
3709;37098;DESCARTES;draché;;;Gilles CHAPOTON;02.47.65.02.13;17 Rue de la Mairie 37800 DRACHE;Draché;02.47.65.02.13;mairie.drache@wanadoo.fr
3731;37099;BALLAN MIRE;DRUYE;;;Corinne CHAILLEUX;02.47.50.10.66;7 rue des Fonchers 37190 DRUYE;Druye;02.47.50.06.72;lemaire@druye.fr
3717;37101;NEUVY LE ROI;epeigné sur dême;DVD;;Patrice TERPREAU;02.47.52.32.92;37370 EPEIGNE SUR DEME;Epeigné sur Dême;02.47.52.36.96;mairiedepeignesurdeme@wanadoo.fr
3711;37102;LANGEAIS;LES ESSARDS;;;Pierre LEYROLLES;02.47.96.71.30;37130 LES ESSARDS;Essards (Les);02.47.96.71.30;mairie.lesessards@wanadoo.fr
3712;37103;LIGUEIL;ESVES LE MOUTIER;;;Chantal BARTHELEMY;02.47.59.62.45;37240 ESVES LE MOUTIER;Esves le Moutier;02.47.92.06.00;mairie-esves-le-moutier@wanadoo.fr
3734;37104;CHAMBRAY LES TOURS;ESVRES SUR INDRE;LR;;Jean-Christophe GASSOT;02.47.34.35.36;rue Nationale 37320 ESVRES SUR INDRE;Esvres sur Indre;02.47.26.57.25;info@ville-esvres.fr
3719;37105;RICHELIEU;FAYE LA VINEUSE;;;David CAILLETEAU;02.47.95.66.11;1 place de la Mairie 37120 FAYE LA VINEUSE;Faye la Vineuse;02.47.95.66.11;mairie.fayelavineuse@wanadoo.fr
3706;37106;CHATEAU RENAULT;la ferrière;DVD;;Marc LEPRINCE;02.47.56.31.97;2 Place du Général de Gaulle 37110 LA FERRIERE;Ferrière (La);02.47.56.36.57;mairielaferriere37110@orange.fr
3708;37107;LE GRAND PRESSIGNY;ferrière larçon;DVD;;Gérard HÉNAULT;02.47.59.65.72;37350 FERRIERE LARCON;Ferrière Larçon;02.47.92.30.36;mairie.ferriere-larcon@wanadoo.fr
3713;37108;LOCHES;ferrière sur beaulieu;DVD;;Gilbert SABARD;02.47.91.94.94;1  Mail de la Mairie 37600 FERRIERE SUR BEAULIEU;Ferrière sur Beaulieu;02.47.91.62.27;mairie.ferrieresurbeaulieu@rlan.eu
3736;37109;LUYNES;FONDETTES;LR;;Cédric DE OLIVEIRA;02.47.88.11.11;34 rue Eugène Gouïn BP4 - 37230 FONDETTES ;Fondettes;02.47.42.29.82;mairie@ville-fondettes.fr
3703;37110;BLERE;FRANCUEIL;;;Pierre EHLINGER;02.47.23.91.43;rue des écoles 37150 FRANCUEIL;Francueil;02.47.23.93.75;mairie-francueil@orange.fr
3715;37111;MONTRESOR;genillé;DVD;;Jacques HERBERT;02.47.59.50.21;1 place Agnès Sorel 37460 GENILLE;Genillé;02.47.59.59.78;genille.mairie@wanadoo.fr
3704;37112;BOURGUEIL;GIZEUX;;;Thierry BEAUPIED;02.47.96.76.63;37340 GIZEUX;Gizeux;02.47.96.71.43;mairie.gizeux@wanadoo.fr
3708;37113;LE GRAND PRESSIGNY;LE GRAND PRESSIGNY;;;Christophe LE ROUX;02.47.94.90.37;place des Halles 37350 LE GRAND PRESSIGNY;Grand Pressigny (Le);02.47.91.04.77;le-grand-pressigny@wanadoo.fr
3708;37114;LE GRAND PRESSIGNY;LA GUERCHE;;;Franck HIDALGO;02.47.94.92.76;37350 LA GUERCHE;Guerche (La);02.47.91.06.96;mairielaguerche37@orange.fr
3709;37115;DESCARTES;DESCARTES;DVD;;Jacques BARBIER;02.47.91.42.00;BP 03 -  37160 DESCARTES ;Descartes;02.47.59.72.20;mairie@ville-descartes.fr
3706;37116;CHATEAU RENAULT;LES HERMITES;DVD;;Guy SAUVAGE de BRANTES;02.47.56.31.18;place de la Mairie 37110 LES HERMITES;Hermites (Les);02.47.56.08.47;mairie.les.hermites@wanadoo.fr
3705;37117;CHATEAU LA VALLIERE;HOMMES;;;Hubert HARDY;02.47.24.61.14;14 rue de Langeais 37340 HOMMES;Hommes;02.47.24.97.99;mairiedehommes@wanadoo.fr
3707;37118;CHINON;HUISMES;DVG;;Denis MOUTARDIER;02.47.95.52.78;place de l'Eglise BP 05 - 37420 HUISMES ;Huismes;02.47.95.48.01;huismes.mairie@wanadoo.fr
3711;37120;LANGEAIS;INGRANDES DE TOURAINE;;;Jean DUFRESNE;02.47.96.98.64;12 place de l 'église 37140 INGRANDES DE TOURAINE;Ingrandes de Touraine;02.47.96.93.05;ingrandes.village37@wanadoo.fr
3719;37121;RICHELIEU;JAULNAY;DVG;;Maurice TALLAND;02.47.95.64.58;place de l'Eglise 37120 JAULNAY;Jaulnay;02.47.95.65.17;mairie.jaulnay@wanadoo.fr
3728;37122;joué les tours;joué les tours;LR;;Frédéric AUGIS;02.47.39.70.00;place François Mitterand 37300 JOUE LES TOURS;Joué les Tours;02.47.39.71.14;cabinet@ville-jouelestours.fr
3711;37123;LANGEAIS;LANGEAIS;PS;;Pierre-Alain ROIRON;02.47.96.12.50;1 place du 14 juillet BP 98 - 37130 LANGEAIS ;Langeais;02.47.96.69.23;contact@langeais.fr
3737;37124;MONTLOUIS SUR LOIRE;larçay;;;Jean-François CESSAC;02.47.45.86.00;3 rue du 8 mai 1945 - 37270 LARCAY;Larçay;02.47.45.86.01;contact@ville-larcay.fr
3707;37126;CHINON;lerné;;;Maurice LESOURD;02.47.95.94.35;6 place du 8 Mai 37500 LERNE;Lerné;02.47.95.86.54;mairie.lerne@wanadoo.fr
3715;37127;MONTRESOR;le liège;DVD;;Marc HAMON;02.47.59.51.92;4 rue de la mairie 37460 LE LIEGE;Liège (Le);02.47.59.51.92;mairie.leliege@wanadoo.fr
3702;37128;AZAY LE RIDEAU;lignières de touraine;DVD;;Bernard VERON;02.47.96.72.13;37130 LIGNIERES DE TOURAINE;Lignières de Touraine;02.47.96.38.18;mairie.lignieres.de.touraine@wanadoo.fr
3719;37129;RICHELIEU;ligré;;;Bernard THIVEL;02.47.93.15.69;9 rue Saint-Martin 37500 LIGRE;Ligré;02.47.93.99.26;mairie.ligre@wanadoo.fr
3712;37130;LIGUEIL;LIGUEIL;PS;;Michel GUIGNAUDEAU;02.47.59.60.44;5 place de la République BP 06 - 37240 LIGUEIL ;Ligueil;02.47.59.94.97;accueil@ville-ligueil.fr
3701;37131;AMBOISE;LIMERAY;;;Eliane MAUGUERET;02.47.30.11.14;1 place du Général de Gaulle 37530 LIMERAY;Limeray;02.47.30.01.40;mairiedelimeray@wanadoo.fr
3713;37132;LOCHES;LOCHES;LR;;Marc ANGENAULT;02.47.91.19.50;BP 231 - 37602 LOCHES;Loches;02.47.91.19.69;cabinetdumaire@mairieloches.com
3715;37133;MONTRESOR;loché-sur-indrois;DVG;;Nisl JENSCH;02.47.92.61.55;41 rue de la Mairie 37460 LOCHE SUR INDROIS;Loché sur Indrois;02.47.92.66.73;mairie-loche-sur-indrois@wanadoo.fr
3712;37134;LIGUEIL;LOUANS;;;Micheline GOUGET BECHEREAU;02.47.92.83.13;place du 11 Novembre 37320 LOUANS;Louans;02.47.92.22.73;mairie-louans@wanadoo.fr
3717;37135;NEUVY LE ROI;LOUESTAULT;DVD;;Catherine CÔME;02.47.24.41.01;place de la mairie 37370 LOUESTAULT;Louestault;02.47.24.41.24;mairie-de-louestault@wanadoo.fr
3712;37136;LIGUEIL;LE LOUROUX;;;Eric DENIAU;02.47.92.82.07;37240 LE LOUROUX;Louroux (Le);02.47.92.22.91;mairie.lelouroux.37@wanadoo.fr
3705;37137;CHATEAU LA VALLIERE;lublé;;;Martine BACH;02.47.24.14.94;8 rue de la mairie 37330 LUBLE;Lublé;02.47.24.09.87;mairieluble@wanadoo.fr
3701;37138;AMBOISE;LUSSAULT SUR LOIRE;;;Georges RAMUSCELLO;02.47.57.16.29;2 route de Tours 37400 LUSSAULT SUR LOIRE;Lussault sur Loire;02.47.57.77.72;mairie.lussault@wanadoo.fr
3736;37139;LUYNES;LUYNES;DVD;;Bertrand RITOURET;02.47.55.35.55;place des Victoires 37230 LUYNES;Luynes;02.47.55.52.56;mairie@luynes.fr
3719;37140;RICHELIEU;luzé;DVD;;Jocelyne PIRONNET;02.47.58.32.52;37120 LUZE;Luzé;02.4.58.71.11;mairie.luze@wanadoo.fr
3703;37141;BLERE;luzillé;;;Jacky GAUVIN;02.47.57.84.19;4 et 6 rue de la Mairie 37150 LUZILLE;Luzillé;02.47.23.58.99;mairie.luzille@wanadoo.fr
3720;37142;STE MAURE DE TOURAINE;maillé;DVD;;Bernard ELIAUME;02.47.65.24.71;37800 MAILLE;Maillé;02.47.65.21.89;secretariat@maille.fr
3712;37143;LIGUEIL;MANTHELAN;;;Bernard PIPEREAU;02.47.91.23.00;1 mail de la Mairie 37240 MANTHELAN;Manthelan;02.47.91.23.05;mairie-manthelan@wanadoo.fr
3709;37145;DESCARTES;marcé sur esves;DVD;;Gérard DUBOIS;02.47.59.86.27;11 rue de la Mairie 37160 MARCE SUR ESVES;Marcé sur Esves;02.47.59.71.27;mairiemarcesuresves@wanadoo.fr
3705;37146;CHATEAU LA VALLIERE;MARCILLY-SUR-MAULNE;;;Dominique GUINOISEAU;02.47.40.90.38;Place de la Mairie 37330 MARCILLY SUR MAULNE;Marcilly sur Maulne;02 47 24 04 10 ;mairie-marcilly-sur-maulne@wanadoo.fr
3720;37147;STE MAURE DE TOURAINE;MARCILLY SUR VIENNE;DVG;;Thierry BRUNET;02.47.65.20.43;16 rue principale 37800 MARCILLY SUR VIENNE;Marcilly sur Vienne;02.47.65.20.43;mairiedemarcilly@wanadoo.fr
3719;37148;RICHELIEU;MARIGNY MARMANDE;;;Christian PINEAU;02.47.58.31.11;20 rue Grande rue 37120 MARIGNY MARMANDE;Marigny Marmande;02.47.58.35.28;mairie.marigny-marmande@wanadoo.fr
3717;37149;NEUVY LE ROI;MARRAY;;;Patrick BOIVIN;02.47.56.30.51;1 route de la Ferrière 37370 MARRAY;Marray;02.47.56.36.14;mairie.marray@wanadoo.fr
3711;37150;LANGEAIS;mazières de touraine;;;Thierry ELOY;02.47.96.41.54;37130 MAZIERES DE TOURAINE;Mazières de Touraine;02.47.96.59.12;mazieresdetouraine@wanadoo.fr
3736;37151;LUYNES;LA MEMBROLLE SUR CHOISILLE;;;Sébastien MARAIS;02.47.41.21.28;Place de l'Europe - BP 13 - 37390 LA MEMBROLLE /CHOISILLE ;Membrolle sur Choisille (La);02.47.54.83.96;mairie@ville-la-membrolle37.fr
3736;37152;LUYNES;METTRAY;;;Philippe CLEMOT;02.47.41.22.29;3 rue du dolmen 37390 METTRAY;Mettray;02.47.41.13.21;administration@ville-mettray.fr
3724;37153;VOUVRAY;MONNAIE;;;Olivier VIÉMONT;02.47.56.10.20;Place Charles de Gaulle 37380 MONNAIE;Monnaie;02.47.56.49.90;mairie-de-monnaie@wanadoo.fr
3714;37154;MONTBAZON;MONTBAZON;DVD;;Bernard REVECHE;02.47.26.01.30;place André Delaunay 37250 MONTBAZON;Montbazon;02.47.73.13.92;mairie.montbazon@wanadoo.fr
3706;37155;CHATEAU RENAULT;MONTHODON;EELV;;Olivier PODEVIN;02.47.29.56.05;1 rue du 8 Mai 1945 - 37110 MONTHODON;Monthodon;02.47.29.51.70;mairie.monthodon@wanadoo.fr
3737;37156;MONTLOUIS SUR LOIRE;MONTLOUIS SUR LOIRE;PS;;Vincent MORETTE;02.47.45.85.85;place François Mitterrand 37270 MONTLOUIS SUR LOIRE;Montlouis sur Loire;02.47.45.15.74;mairie@ville-montlouis-loire.fr
3715;37157;montrésor;montrésor;DVD;;Christophe UNRUG;02.47.91.43.00;23 rue Grande Rue 37460 MONTRESOR;Montrésor;02.47.92.71.11;mairie-montresor@wanadoo.fr
3701;37158;AMBOISE;MONTREUIL EN TOURAINE;;;Jean-Luc PADIOLLEAU;02.47.30.15.14;37530 MONTREUIL EN TOURAINE;Montreuil en Touraine;02.47.30.03.12;mairie@montreuil-touraine.fr
3714;37159;MONTBAZON;MONTS;DVG;;Valérie GUILLERMIC;02.47.34.11.80;rue Maurice Ravel 37260 MONTS;Monts;02.47.73.05.42;mairie@monts.org
3706;37160;CHATEAU RENAULT;MORAND;DVD;;Joël DENIAU;02.47.29.69.12;2 rue de la Mairie 37110 MORAND;Morand;02.47.29.61.78;mairiedemorand@wanadoo.fr
3701;37161;AMBOISE;MOSNES;;;Christophe VILLEMAIN;02.47.57.22.13;9 rue du Général de Gaulle 37530 MOSNES;Mosnes;02.47.57.61.19;mairie.mosnes@wanadoo.fr
3712;37162;LIGUEIL;MOUZAY;;;Marie RONDWASSER;02.47.59.15.43;1 Place de la Mairie 37600 MOUZAY;Mouzay;02.47.59.15.43;mairie.mouzay@wanadoo.fr
3701;37163;AMBOISE;nazelles négron;;;Richard CHATELLIER;02.47.23.71.71;37530 NAZELLES NEGRON;Nazelles Négron;02.47.23.25.48;mairie.nazelles-negron@wanadoo.fr
3720;37165;STE MAURE DE TOURAINE;NEUIL;DVD;;Natalie SENNEGON;02.47.65.82.66;20 rue de l'église 37190 NEUIL;Neuil;02.47.73.51.33;mairie-de-neuil@orange.fr
3724;37166;VOUVRAY;neuillé le lierre;;;Damien FORATIER;02.47.52.95.17;2 rue de la République 37380 NEUILLE LE LIERRE;Neuillé Le Lierre;02.47.52.29.44;mairie.neuillelelierre@wanadoo.fr
3716;37167;neuillé pont pierre;neuillé pont pierre;DVD;;Michel JOLLIVET;02.47.24.54.84;2 place du 11 novembre 37360 NEUILLE PONT PIERRE;Neuillé Pont Pierre;02.47.24.38.78;secretariat.npp@wanadoo.fr
3709;37168;DESCARTES;NEUILLY LE BRIGNON;;;Dominique COINTRE;02.47.59.66.02;37160 NEUILLY LE BRIGNON;Neuilly Le Brignon;02.47.92.33.85;mairie.neuilly.le.brignon@wanadoo.fr
3706;37169;CHATEAU RENAULT;NEUVILLE SUR BRENNE;;;Gino GOMMÉ;02.47.29.52.13;8 rue du 8 mai 1945 - 37110 NEUVILLE SUR BRENNE;Neuville sur Brenne;02.47.56.88.19;communedeneuvillesurbrenne@wanadoo.fr 
3717;37170;NEUVY LE ROI;NEUVY LE ROI;LR;;Patrick CINTRAT;02.47.29.71.71;37370 NEUVY LE ROI;Neuvy Le Roi;02.47.24.84.91;mairie.neuvy-le-roi@wanadoo.fr
3724;37171;VOUVRAY;NOIZAY;;;Jean-Pierre VINCENDEAU;02.47.52.11.06;4 place Léon Gambetta 37210 NOIZAY;Noizay;02.47.52.08.73;contact@mairiedenoizay.fr
3724;37172;VOUVRAY;notre-dame d'oé;PS;;Jean-Luc GALLIOT;02.47.41.30.08;37390 NOTRE DAME D OE;Notre Dame d'Oé;02.47.49.22.00;mairie@ndoe.fr
3715;37173;MONTRESOR;NOUANS LES FONTAINES;DVG;;Eric MOREAU;02.47.92.62.09;place du 8 Mai 37460 NOUANS LES FONTAINES;Nouans Les Fontaines;02.47.92.70.93;mairie.nouans.fontaines@wanadoo.fr
3720;37174;STE MAURE DE TOURAINE;nouâtre;DVG;;Pierre-Marie DANQUIGNY;02.47.65.20.15;place du 8 mai 1945 - 37800 NOUATRE;Nouâtre;02.47.65.28.24;mairie.nouatre@wanadoo.fr
3706;37175;CHATEAU RENAULT;NOUZILLY;;;Joël BESNARD;02.47.56.12.21;place Emile Cholet 37380 NOUZILLY;Nouzilly;02.47.56.40.47;mairie.nouzilly@wanadoo.fr
3720;37176;STE MAURE DE TOURAINE;NOYANT DE TOURAINE;DVG;;Yolande BILLON;02.47.65.82.03;1 place de la Mairie 37800 NOYANT DE TOURAINE;Noyant de Touraine;02.47.65.83.13;mairie@noyant-de-touraine.fr
3715;37177;MONTRESOR;ORBIGNY;DVG;;Jacky CHARBONNIER;02.47.94.23.18;8 rue Jeanne d'Arc 37460 ORBIGNY;Orbigny;02.47.94.20.55;mairie.orbigny@wanadoo.fr
3710;37178;L'ILE BOUCHARD;PANZOULT;DVD;;Isabelle PAIN;09.65.30.25.44;place de la mairie 37220 PANZOULT;Panzoult;02.47.58.53.08;mairie.panzoult@wanadoo.fr
3724;37179;VOUVRAY;parçay-meslay;;;Bruno FENET;02.47.29.15.15;58 rue de la Mairie 37210 PARCAY MESLAY;Parçay Meslay;02.47.29.01.41;mairie@parcay-meslay.com
3710;37180;L'ILE BOUCHARD;Parçay sur Vienne;DVG;;Mme Dominique JOUANNEAU;02.47.58.54.57;20 rue du 8 Mai 1945 - 37220 PARCAY SUR VIENNE;Parçay sur Vienne;02.47.58.60.96;mairiedeparcaysurvienne@wanadoo.fr
3708;37181;LE GRAND PRESSIGNY;PAULMY;;;Dominique FRELON;02.47.59.66.64;1 place de la mairie 37350 PAULMY;Paulmy;02.47.59.62 40;paulmy.mairie@wanadoo.fr
3716;37182;NEUILLE PONT PIERRE;PERNAY;;;Jean-Pierre PENINON;02.47.52.43.83;rue de la Mairie 37230 PERNAY;Pernay;02.47.52.47.87;mairie.pernay@neuf.fr
3713;37183;LOCHES;PERRUSSON;DVD;;Bernard GAULTIER;02.47.59.03.92;1 place de la Mairie 37600 PERRUSSON;Perrusson;02.47.91.61.83;perrusson.37@wanadoo.fr
3708;37184;LE GRAND PRESSIGNY;LE PETIT PRESSIGNY;;;Daniel DOUADY;02.47.94.93.59;2 chemin des Bordes 37350 LE PETIT PRESSIGNY;Petit Pressigny (Le);02.47.91.05.94;mairie.le.petit.pressigny@wanadoo.fr
3701;37185;AMBOISE;pocé sur cisse;;;Claude COURGEAU;02.47.57.18.15;37530 POCE SUR CISSE;Pocé sur Cisse;02.47.57.02.13;mairiedepoce@wanadoo.fr
3714;37186;MONTBAZON;PONT DE RUAN;DVD;;Michelle DUVAULT;02.47.26.81.30;37260 PONT DE RUAN;Pont de Ruan;02.47.73.21.72;ville.pont.de.ruan@wanadoo.fr
3720;37187;STE MAURE DE TOURAINE;PORTS SUR VIENNE;DVG;;Daniel POUJAUD;02.47.65.02.62;place de la mairie 37800 PORTS SUR VIENNE;Ports sur Vienne;02.47.65.09.29;mairie-de-ports-sur-vienne@wanadoo.fr
3720;37188;STE MAURE DE TOURAINE;POUZAY;DVD;;Jean SAVOIE;02.47.65.21.93;23 rue des Ecoles 37800 POUZAY;Pouzay;02.47.65.32.67;pouzay@wanadoo.fr
3718;37189;PREUILLY SUR CLAISE;PREUILLY SUR CLAISE;DVD;;Gilles BERTUCELLI;02.47.94.50.04;place de l'Hôtel de Ville BP 13 - 37290 PREUILLY SUR CLAISE ;Preuilly sur Claise;02.47.94.63.26;mairie-preuilly@wanadoo.fr
3720;37190;STE MAURE DE TOURAINE;PUSSIGNY;;;Mme Dominique BRUNET;02.47.65.01.02;5 rue de la mairie 37800 PUSSIGNY;Pussigny;02.47.65.09.82;mairie.pussigny@wanadoo.fr
3719;37191;RICHELIEU;RAZINES;;;Daniel DUPUY;02.47.95.60.60;10 place de la mairie 37120 RAZINES;Razines;;mairie-razines@wanadoo.fr
3713;37192;LOCHES;REIGNAC SUR INDRE;DVD;;Loïc BABARY;02.47.94.10.20;37310 REIGNAC SUR INDRE;Reignac sur Indre;02.47.94.17.94;mairie.reignac37@wanadoo.fr
3704;37193;BOURGUEIL;restigné;;;Christine HASCOET;02.47.97.32.08;place de l'Eglise 37140 RESTIGNE;Restigné;02.47.97.47.02;mairie.restigne@cegetel.net
3724;37194;VOUVRAY;REUGNY;;;Axelle TREHIN;02.47.52.94.32;10 rue Nationale 37380 REUGNY;Reugny;02.47.52.25.94;mairie-reugny@wanadoo.fr
3731;37195;BALLAN MIRE;LA RICHE;PS;;Wilfried SCHWARTZ;02.47.36.24.24;place du Maréchal Leclerc BP 102 -37521 LA RICHE CEDEX;Riche (La);02.47.38.11.52;la.mairie@ville-lariche.fr
3719;37196;RICHELIEU;RICHELIEU;;;Hervé NOVELLI;02.47.58.10.13;1 place du Marché 37120 RICHELIEU;Richelieu;02.47.58.16.42;commune-de-richelieu@wanadoo.fr
3702;37197;AZAY LE RIDEAU;rigny ussé;DVD;;Colette AZE;02.47.95.55.85;51 rue principale 37420 RIGNY USSE;Rigny Ussé;02.47.95.45.33;rigny-usse-mairie@wanadoo.fr
3705;37198;CHATEAU LA VALLIERE;rillé;;;Christian SIMONOT;02.47.24.64.68;6  Grande Rue 37340 RILLE;Rillé;02.47.24.64.68;mairie.rille@orange.fr
3710;37199;L'ILE BOUCHARD;RILLY SUR VIENNE;;;Jean-Louis BASSEREAU;02.47.58.32.09;1 place de la mairie 37220 RILLY SUR VIENNE;Rilly sur Vienne;02.47.58.70.04;mairierillyvienne@wanadoo.fr
3702;37200;AZAY LE RIDEAU;RIVARENNES;DVG;;Agnès BUREAU;02.47.95.51.43;37190 RIVARENNES;Rivarennes;02.47.95.51.52;mairie.rivarennes@wanadoo.fr
3707;37201;CHINON;rivière;DVG;;Martine LUNETEAU;02.47.93.07.53;14 rue des lavandières 37500 RIVIERE;Rivière;02.47.93.37.04;mairiederiviere@wanadoo.fr
3707;37202;CHINON;LA ROCHE CLERMAULT;;;Jacky MANCEAU;02.47.95.90.10;13 route du Coteau 37500 LA ROCHE CLERMAULT;Roche Clermault (La);02.47.95.85.59;mairie.larocheclermault@wanadoo.fr
3724;37203;VOUVRAY;ROCHECORBON;DVD;;Bernard PLAT;02.47.52.50.20;37210 ROCHECORBON;Rochecorbon;02.47.52.81.18;contact@mairie-rochecorbon.fr
3716;37204;NEUILLE PONT PIERRE;ROUZIERS DE TOURAINE;DVG;;John-James DELIGNY;02.47.56.60.13;5 rue du 11 novembre 37360 ROUZIERS DE TOURAINE;Rouziers de Touraine;02.47.56.56.40;secretariat.RDT@wanadoo.fr
3702;37205;AZAY LE RIDEAU;saché;DVD;;Olivier BOUISSOU;02.47.26.86.65;Place Alexander Calder 37190 SACHE;Saché;02.47.65.76.83;mairie.sache@wanadoo.fr
3716;37206;NEUILLE PONT PIERRE;SAINT ANTOINE DU ROCHER;;;André MEULOT;02.47.56.65.04;4 rue des écoles 37360 ST ANTOINE DU ROCHER;Saint Antoine du Rocher;02.47.56.51.08;secretariat.SAR@wanadoo.fr
3717;37207;NEUVY LE ROI;SAINT AUBIN LE DEPEINT;DVD;;Benoit DURAND;02.47.29.25.07;21 rue Principale 37370 ST AUBIN LE DEPEINT;Saint Aubin le Depeint;02.47.29.25.07;mairie.staubinledepeint@wanadoo.fr
3732;37208;SAINT AVERTIN;SAINT AVERTIN;LR;;Jean-Gérard PAUMIER;02.47.48.48.48;21 rue de Rochepinard BP 128 - 37550 ST AVERTIN ;Saint Avertin;02.47.27.10.33;sonia.maingault@ville-saint-avertin.fr
3713;37209;LOCHES;SAINT BAULD;DVD;;Jacques DELWARDE;02.47.92.87.00;2 rue Principale 37310 ST BAULD;Saint Bauld;02.47.92.87.00;mairiestbauld@wanadoo.fr
3734;37211;CHAMBRAY LES TOURS;SAINT BRANCHS;DVG;;Daniel BALANGER;02.47.26.30.15;place du 11 novembre BP 08 - 37320 ST BRANCHS ;Saint Branchs;02.47.26.33.53;mairie.saintbranchs@wanadoo.fr
3720;37212;STE MAURE DE TOURAINE;SAINTE CATHERINE DE FIERBOIS;DVG;;Vincent POPELIER;02.47.65.43.46;54 rue Boucicault 37800 STE CATHERINE DE FIERBOIS;Sainte Catherine de Fierbois;02.47.65.69.08;saintecatherinedefierbois.secretariat@wanadoo.fr
3717;37213;NEUVY LE ROI;SAINT CHRISTOPHE SUR LE NAIS;DVD;;Catherine LEMAIRE;02.47.29.24.19;32 rue du Val Joyeux 37370 ST CHRISTOPHE SUR LE NAIS;Saint Christophe sur le Nais;02.47.29.35.76;mairie.stchristophe@wanadoo.fr
3729;37214;SAINT CYR SUR LOIRE;SAINT CYR SUR LOIRE;LR;;Philippe BRIAND;02.47.42.80.00;parc de la Perraudière BP 139 -  37541 ST CYR SUR LOIRE  CX;Saint Cyr sur Loire;02.47.42.80.94;info@saint-cyr-sur-loire.com
3720;37216;STE MAURE DE TOURAINE;SAINT EPAIN;DVD;;Serge LECOMTE;02.47.65.80.21;27 rue Principale 37800 ST EPAIN;Saint Epain;02.47.65.80.42;mairie.saint-epain@wanadoo.fr
3736;37217;LUYNES;SAINT ETIENNE DE CHIGNY;;;Patrick CHALON;02.47.55.52.15;2 route de la Chappe 37230 ST ETIENNE DE CHIGNY;Saint Etienne de Chigny;02.47.55.59.19;dgs.mairiesedc@orange.fr
3708;37218;LE GRAND PRESSIGNY;SAINT FLOVIER;;;Francis BAISSON;02.47.94.72.24;2 place du 8 mai 37600 ST FLOVIER;Saint Flovier;02.47.94.86.00;mairie.st.flovier@wanadoo.fr
3731;37219;BALLAN MIRE;SAINT GENOUPH;;;Christian AVENET;02.47.45.51.14;23 rue du bourg 37510 ST GENOUPH;Saint Genouph;02.47.45.52.76;mairie-st-genouph@orange.fr
3707;37220;CHINON;SAINT GERMAIN SUR VIENNE;DVG;;Jean ALBERT;02.47.95.96.46;33 route de la Chaussée 37500 ST GERMAIN SUR VIENNE;Saint Germain sur Vienne;02.47.95.87.29;stgermain.mairie@wanadoo.fr
3713;37221;LOCHES;SAINT HIPPOLYTE;DVD;;Patrick PASQUIER;02.47.94.71.40;37600 ST HIPPOLYTE;Saint Hippolyte;02.47.94.82.47;mairiede-sthippolyte@wanadoo.fr
3713;37222;LOCHES;SAINT JEAN SAINT GERMAIN;DVD;;Pierre BRODNY;02.47.94.70.05;37600 ST JEAN ST GERMAIN;Saint Jean Saint Germain;02.47.94.70.05;mairie.stjeanstgermain@wanadoo.fr
3705;37223;CHATEAU LA VALLIERE;SAINT LAURENT DE LIN;;;Jean-Paul SORIN;02.47.24.05.07;rue de la Perrée 37330 ST LAURENT DE LIN;Saint Laurent de Lin;02.47.24.26.77;mairie.saintlaurentdelin@wanadoo.fr
3706;37224;CHATEAU RENAULT;SAINT LAURENT EN GATINES;DVD;;Isabelle SENECHAL;02.47.29.68.12;avenue du 11 Novembre 37380 ST LAURENT EN GATINES;Saint Laurent en Gatines;02.47.29.83.95;mairie.st.laurent.en.gatines@wanadoo.fr
3703;37225;BLERE;SAINT MARTIN LE BEAU;DVD;;Angélique DELAHAYE;02.47.50.67.26;place Marcel Habert 37270 ST MARTIN LE BEAU;Saint Martin Le Beau;02.47.50.27.69;sanctus.martinus@wanadoo.fr
3720;37226;SAINTE MAURE DE TOURAINE;SAINTE MAURE DE TOURAINE;DVD;;Michel CHAMPIGNY;02.47.65.40.12;place Maréchal Leclerc 37800 STE MAURE DE TOURAINE;Sainte Maure de Touraine;02.47.65.65.76;mairie@sainte-maure-de-touraine.fr
3711;37227;LANGEAIS;SAINT MICHEL SUR LOIRE;;;Dominique LOGEAY;02.47.96.83.06;37130 ST MICHEL SUR LOIRE;Saint Michel sur Loire;02.47.96.46.78;mairiesaintmichelsurloire@wanadoo.fr
3704;37228;BOURGUEIL;SAINT NICOLAS DE BOURGUEIL;;;Christel COUSSEAU;02.47.97.75.16; 37140 ST NICOLAS DE BOURGUEIL;Saint Nicolas de Bourgueil;02.47.97.36.87;mairiedesaintnicolasdebourgueil@wanadoo.fr
3706;37229;CHATEAU RENAULT;SAINT NICOLAS DES MOTETS;DVD;;Daniel CHOISIS;02.47.29.65.20;8 rue de Touraine 37110 ST NICOLAS DES MOTETS;Saint Nicolas des Motets;02.47.56.98.77;mairie-saintnicolasdesmotets@wanadoo.fr
3701;37230;AMBOISE;SAINT OUEN LES VIGNES;;;Marie-Joëlle ADRAST;02.47.30.18.87;4 place de l'église 37530 ST OUEN LES VIGNES;Saint Ouen les Vignes;02.47.30.02.37;mairie-st-ouen-les-vignes@wanadoo.fr
3717;37231;NEUVY LE ROI;SAINT PATERNE RACAN;DVD;;Jean-Pierre POUPEE;02.47.29.20.03;37370 ST PATERNE RACAN;Saint Paterne Racan;02.47.29.30.64;mairie.spr@orange.fr
3711;37232;LANGEAIS;SAINT PATRICE;;;François AUGÉ;02.47.96.98.15;37130 ST PATRICE;Saint Patrice;02.47.96.93.26;mairie.stpatrice@wanadoo.fr
3730;37233;SAINT PIERRE DES CORPS;SAINT PIERRE DES CORPS;FG;;Marie-France BEAUFILS;02.47.63.43.43;34 Avenue de la République 37703 ST PIERRE DES CORPS;Saint Pierre des Corps;02.47.63.43.00;mairie-spdc@wanadoo.fr
3713;37234;LOCHES;SAINT QUENTIN SUR INDROIS;DVD;;Cécile DERUYVER-AVERLAND;02.47.92.51.86;Le Bourg 37310 ST QUENTIN SUR INDROIS;Saint Quentin sur Indrois;02.47.92.51.86;mairie.stquentinsurindrois@wanadoo.fr
3701;37236;AMBOISE;saint règle;DVD;;Christine FAUQUET;02.47.57.41.21;2 place Saint-Louis 37530 ST REGLE;Saint Règle;02.47.57.41.21;mairie.saintregle@wanadoo.fr
3716;37237;NEUILLE PONT PIERRE;SAINT ROCH;;;Alain ANCEAU;02.47.56.74.67;1 rue Principale 37390 ST ROCH;Saint Roch;02.47.56.76.50;mairie.saintroch37@orange.fr
3712;37238;LIGUEIL;SAINT SENOCH;DVD;;Patrick LESPAGNOL;02.47.59.11.17;4 place de la mairie 37600 ST SENOCH;Saint Senoch;02.47.92.38.87;mairiedesaintsenoch@rlan.eu
3706;37240;CHATEAU RENAULT;SAUNAY;DVD;;Pierre DATTÉE;02.47.29.53.21;37110 SAUNAY;Saunay;02.47.56.96.99;mairie.saunay@wanadoo.fr
3705;37241;CHATEAU LA VALLIERE;savigné sur lathan;;;Solange CRESSON;02.47.24.22.33;place Jacques du Bellay 37340 SAVIGNE SUR LATHAN;Savigné sur Lathan;02.47.24.29.02;mairie-de-savigne@wanadoo.fr
3731;37243;BALLAN MIRE;savonnières;;;Bernard LORIDO;02.47.43.53.63;rue Principale BP 11 - 37510 SAVONNIERES ;Savonnières;02.47.43.53.64;mairie@savonnieres.fr
3710;37244;L'ILE BOUCHARD;SAZILLY;DVG;;Max DELALEU;02.47.58.55.52;16 route de Chinon 37220 SAZILLY;Sazilly;02.47.58.68.17;mairie.sazilly@orange.fr
3716;37245;NEUILLE PONT PIERRE;semblançay;DVD;;Antoine TRYSTRAM;02.47.29.86.86;7 place Jacques De Beaune 37360 SEMBLANCAY;Semblançay;02.47.56.55.76;secretariat.sblc@wanadoo.fr
3713;37246;LOCHES;sennevières;DVD;;Caroline KRIER;02.47.94.70.88;37600 SENNEVIERES;Sennevières;02.47.94.71.15;sennevieres@orange.fr
3709;37247;DESCARTES;SEPMES;;;Régine REZEAU;02.47.65.44.66;Place de l'Eglise 37800 SEPMES;Sepmes;02.47.65.59.14;mairie.sepmes@wanadoo.fr
3707;37248;CHINON;SEUILLY;DVG;;Jacques AUPIC;02.47.95.90.35;37500 SEUILLY;Seuilly;02.47.95.85.55;mairie.seuilly@orange.fr
3716;37249;NEUILLE PONT PIERRE;SONZAY;;;Jean-Pierre VERNEAU;02.47.24.70.19;2 rue de la Baratière BP 01- 37360 SONZAY ;Sonzay;02.47.24.52.04;sg.sonzay@orange.fr
3714;37250;MONTBAZON;SORIGNY;DVD;;Alain ESNAULT;02.47.34.27.70;28 rue nationale 37250 SORIGNY;Sorigny;02.47.34.27.79;dgs@mairie-sorigny.com
3705;37251;CHATEAU LA VALLIERE;souvigné;;;Delphine AUNEAU;02.47.24.73.02;rue de la Mairie 37330 SOUVIGNE;Souvigné;02.47.24.52.53;mairie.souvigne@wanadoo.fr
3701;37252;AMBOISE;SOUVIGNY DE TOURAINE;;;Laurent BOREL;02.47.57.27.06;1 rue nationale 37530 SOUVIGNY DE TOURAINE;Souvigny de Touraine;02.47.57.27.06;mairie-de-souvigny37@wanadoo.fr
3703;37253;BLERE;SUBLAINES;;;Christian FOUASSIER;02.47.57.85.11;2 rue du 8 mai 1945 - 37310 SUBLAINES;Sublaines;02.47.23.54.57;mairie.sublaines@wanadoo.fr
3713;37254;LOCHES;TAUXIGNY;DVD;;Jean-Louis ROBIN;02.47.92.18.02;place de la mairie 37310 TAUXIGNY;Tauxigny;02.47.92.1007;mairie.tauxigny@wanadoo.fr
3710;37255;L'ILE BOUCHARD;TAVANT;DVD;;Bernard MARCHE;02.47.58.58.01;37220 TAVANT;Tavant;02.47.58.65.81;communedetavant@wanadoo.fr
3710;37256;L'ILE BOUCHARD;THENEUIL;LR;;Nadège ARNAULT;02.47.58.50.81;11 rue Grande Rue 37220 THENEUIL;Theneuil;02.47.58.50.81;mairiedetheneuil@wanadoo.fr
3702;37257;AZAY LE RIDEAU;THILOUZE;UDI;;Eric LOIZON;02.47.26.87.41;8 place de la mairie 37260 THILOUZE;Thilouze;02.47.26.89.57;thilouze@wanadoo.fr
3707;37258;CHINON;THIZAY;DVG;;Corinne LEROY;02.47.95.90.27;4 rue de la Fontaine 37500 THIZAY;Thizay;02.47.95.85.64;communedethizay@wanadoo.fr
3718;37259;PREUILLY SUR CLAISE;TOURNON SAINT PIERRE;;;Marie-Françoise BRAULT;02.54.37.50.02;37290 TOURNON ST PIERRE;Tournon Saint Pierre;02.54.37.52.22;mairie.tournon-st-pierre@wanadoo.fr
3719;37260;RICHELIEU;LA TOUR SAINT GELIN;DVD;;Martial TESTON;02.47.58.30.35;5 rue de la mairie 37120 LA TOUR ST GELIN;Tour Saint Gelin (La);02.47.58.30.35;mairiedelatoursaintgelin@orange.fr
3721;37261;TOURS;TOURS;LR;;Serge BABARY;02.47.21.60.00;3 rue des Minimes  37926 TOURS  CEDEX 09;Tours;02.47.21.69.36;ville.tours@ville-tours.fr
3710;37262;L'ILE BOUCHARD;TROGUES;DVD;;Chantal BACHELERY;02.47.58.53.68;route du Bourg 37220 TROGUES;Trogues;02.47.58.53.68;mairie-trogues@wanadoo.fr
3734;37263;CHAMBRAY LES TOURS;TRUYES;DVD;;Stéphane de COLBERT;02.47.43.40.81;28 rue du Clocher 37320 TRUYES;Truyes;02.47.43.06.61;mairie.truyes@wanadoo.fr
3702;37264;AZAY LE RIDEAU;vallères;DVG;;Jean-Luc CADIOU;02.47.45.45.44;1 place de la mairie 37190 VALLERES;Vallères;02.47.45.48.47;valleres.mairie@wanadoo.fr
3712;37265;LIGUEIL;VARENNES;;;Michel DUGRAIN;02.47.59.04.32;1 place de la Mairie 37600 VARENNES;Varennes;02.47.59.04.32;mairie.de.varennes-37@wanadoo.fr
3714;37266;MONTBAZON;veigné;UDI;;Patrick MICHAUD;02.47.34.36.36;place du Maréchal Leclerc 37250 VEIGNE;Veigné;02.47.26.94.92;lemaire@veigne.fr
3737;37267;MONTLOUIS SUR LOIRE;véretz;;;Danièle GUILLAUME;02.47.35.70.00;rue Moreau-Vincent 37270 VERETZ;Véretz;02.47.35.70.10;mairie@veretz.com
3713;37269;LOCHES;VERNEUIL SUR INDRE;;;Gérard MARQUENET;02.47.94.71.08;1 place de la mairie 37600 VERNEUIL SUR INDRE;Verneuil sur Indre;02.47.94.78.02;verneuil-sur-indre@orange.fr
3724;37270;VOUVRAY;VERNOU SUR BRENNE;;;Jean HUREL;02.47.52.10.35;37210 VERNOU SUR BRENNE;Vernou sur Brenne;02.47.52.0844;mairiedevernou@wanadoo.fr
3702;37271;AZAY LE RIDEAU;VILLAINES LES ROCHERS;DVG;;Marie-Annette BERGEOT;02.47.45.43.08;place de la Mairie 37190 VILLAINES LES ROCHERS;Villaines les Rochers;02.47.45.48.65;mairie-villaines-37@wanadoo.fr
3731;37272;BALLAN MIRE;VILLANDRY;;;Jean-Marie MÉTAIS;02.47.50.02.08;37510 VILLANDRY;Villandry;02.47.50.00.90;admin.villandry@wanadoo.fr
3737;37273;MONTLOUIS SUR LOIRE;LA VILLE AUX DAMES;;;Alain BÉNARD;02.47.44.36.46;avenue Jeanne d'Arc BP 37 - 37700 LA VILLE AUX DAMES ;Ville aux Dames (La);02.47.32.92.12;accueil@ville-aux-dames.com
3717;37274;NEUVY LE ROI;VILLEBOURG;;;Laurent GAUVRIT;02.47.24.44.25;37370 VILLEBOURG;Villebourg;02.47.24.87.90;mairie.villebourg@orange.fr
3715;37275;MONTRESOR;VILLEDOMAIN;;;Vincent MEUNIER;02.47.92.62.65;le bourg 37460 VILLEDOMAIN;Villedomain;02.47.92.69.95;commune.villedomain.com@orange.fr
3706;37276;CHATEAU RENAULT;villedômer;DVG;;Marie-Claude FOUCHER;02.47.55.00.04;place des Martyrs de la Résistance 37110 VILLEDOMER;Villedômer;02.47.55.06.27;mairie.villedomer@wanadoo.fr
3714;37278;MONTBAZON;VILLEPERDUE;FG;;Roland MARIAU;02.47.26.08.07;10 rue de la Mairie 37260 VILLEPERDUE;Villeperdue;02.47.26.92.94;mairie@villeperdue.fr
3705;37279;CHATEAU LA VALLIERE;VILLIERS AU BOUIN;;;Martine NAVEAU;02.47.24.03.71;rue des Ecoles 37330 VILLIERS AU BOUIN;Villiers au Bouin;02.47.24.29.11;mairie.villiers.au.bouin@wanadoo.fr
3712;37280;LIGUEIL;VOU;;;Jean-Marie VANNIER;02.47.59.63.31;1 place Saint-Pierre Es Liens 37240 VOU;Vou;02.47.59.63.31;mairie.vou@wanadoo.fr
3724;37281;VOUVRAY;VOUVRAY;;;Brigitte PINEAU;02.47.52.70.48;rue Gambetta BP 9 - 37210 VOUVRAY ;Vouvray;02.47.52.67.76;mairie@vouvray.fr
